detector_type,descriptor_type,frame no,no_keypoints_frame,no_keypoints_roi,detector_time_ms,descriptor_time_ms,no_matched_points,matching_time_ms
SHITOMASI,BRISK,0,1370,125,47.31905400,4.21310500,0,0.00000000
SHITOMASI,BRISK,1,1301,118,18.51193600,3.58416100,95,3.22752200
SHITOMASI,BRISK,2,1361,123,19.05301700,2.49353600,88,0.48730800
SHITOMASI,BRISK,3,1358,120,17.59497600,2.45376800,80,0.46882000
SHITOMASI,BRISK,4,1333,120,16.52734500,2.42684300,90,0.47957500
SHITOMASI,BRISK,5,1284,113,16.84949300,2.36668500,82,0.42600900
SHITOMASI,BRISK,6,1322,114,17.37751300,2.59519100,79,0.49967800
SHITOMASI,BRISK,7,1366,123,16.77648300,2.45320700,85,0.46447100
SHITOMASI,BRISK,8,1389,111,16.80668700,3.45873100,86,0.46880200
SHITOMASI,BRISK,9,1339,112,17.13747100,2.37526500,82,0.61565100

SHITOMASI,BRIEF,0,1370,125,15.93484000,4.64178300,0,0.00000000
SHITOMASI,BRIEF,1,1301,118,17.29057700,1.34625200,115,0.40889800
SHITOMASI,BRIEF,2,1361,123,16.88425100,1.50964300,111,0.56528800
SHITOMASI,BRIEF,3,1358,120,16.72453200,1.36635300,104,0.59511100
SHITOMASI,BRIEF,4,1333,120,16.40991200,1.58685500,101,0.57064800
SHITOMASI,BRIEF,5,1284,113,16.60707600,1.36581400,102,0.52769900
SHITOMASI,BRIEF,6,1322,114,18.32157900,1.38661400,102,0.41585000
SHITOMASI,BRIEF,7,1366,123,16.54066000,1.36435000,100,0.54972500
SHITOMASI,BRIEF,8,1389,111,16.40851800,1.37304100,109,0.39655600
SHITOMASI,BRIEF,9,1339,112,15.94764800,1.31317000,100,0.35660100

SHITOMASI,ORB,0,1370,125,17.63147900,3.36775100,0,0.00000000
SHITOMASI,ORB,1,1301,118,17.48745200,0.98476900,106,0.48087700
SHITOMASI,ORB,2,1361,123,17.47744900,0.99456400,102,0.50070400
SHITOMASI,ORB,3,1358,120,16.52955900,0.97064100,99,0.44950000
SHITOMASI,ORB,4,1333,120,17.13049800,1.03267700,102,0.64338200
SHITOMASI,ORB,5,1284,113,17.09096700,0.97845800,103,0.60331800
SHITOMASI,ORB,6,1322,114,16.50051200,1.01228000,97,0.51567100
SHITOMASI,ORB,7,1366,123,16.90936800,0.98044100,98,0.43754900
SHITOMASI,ORB,8,1389,111,17.08493000,0.99276300,104,0.62215500
SHITOMASI,ORB,9,1339,112,16.55586300,0.96977500,97,0.40085300

SHITOMASI,FREAK,0,1370,125,15.96705900,54.83060700,0,0.00000000
SHITOMASI,FREAK,1,1301,118,19.25587800,49.34643000,86,0.46472100
SHITOMASI,FREAK,2,1361,123,12.01283500,46.95703400,90,0.44566200
SHITOMASI,FREAK,3,1358,120,11.92753000,46.54309800,86,0.47302300
SHITOMASI,FREAK,4,1333,120,11.85580200,46.25380700,88,0.49430300
SHITOMASI,FREAK,5,1284,113,12.05350800,46.55471400,86,0.43030400
SHITOMASI,FREAK,6,1322,114,11.97106300,46.21634700,80,0.42328000
SHITOMASI,FREAK,7,1366,123,12.11495300,46.75243800,81,0.43409100
SHITOMASI,FREAK,8,1389,111,12.22751400,46.43760300,86,0.43861900
SHITOMASI,FREAK,9,1339,112,11.96146200,46.24369700,85,0.40274100

SHITOMASI,AKAZE,0,0,0,0.00000000,0.00000000,0,0.00000000
SHITOMASI,AKAZE,1,0,0,0.00000000,0.00000000,0,0.00000000
SHITOMASI,AKAZE,2,0,0,0.00000000,0.00000000,0,0.00000000
SHITOMASI,AKAZE,3,0,0,0.00000000,0.00000000,0,0.00000000
SHITOMASI,AKAZE,4,0,0,0.00000000,0.00000000,0,0.00000000
SHITOMASI,AKAZE,5,0,0,0.00000000,0.00000000,0,0.00000000
SHITOMASI,AKAZE,6,0,0,0.00000000,0.00000000,0,0.00000000
SHITOMASI,AKAZE,7,0,0,0.00000000,0.00000000,0,0.00000000
SHITOMASI,AKAZE,8,0,0,0.00000000,0.00000000,0,0.00000000
SHITOMASI,AKAZE,9,0,0,0.00000000,0.00000000,0,0.00000000

SHITOMASI,SIFT,0,1370,125,11.87468500,20.31218200,0,0.00000000
SHITOMASI,SIFT,1,1301,118,11.90174700,16.54478400,112,0.68994200
SHITOMASI,SIFT,2,1361,123,11.96376500,16.96549100,109,0.69587900
SHITOMASI,SIFT,3,1358,120,18.04421900,17.49922700,104,0.68482100
SHITOMASI,SIFT,4,1333,120,12.74704500,16.63548900,103,0.72255000
SHITOMASI,SIFT,5,1284,113,11.87534700,15.51355600,99,0.63022800
SHITOMASI,SIFT,6,1322,114,12.14811300,16.78555200,101,0.62251000
SHITOMASI,SIFT,7,1366,123,18.14616000,15.80099600,96,0.66002900
SHITOMASI,SIFT,8,1389,111,12.06936200,15.33606900,106,0.66399400
SHITOMASI,SIFT,9,1339,112,11.87424800,15.59491200,97,0.59574100

HARRIS,BRISK,0,115,17,12.78212300,0.50354400,0,0.00000000
HARRIS,BRISK,1,98,14,12.80645800,0.43105000,12,0.08658000
HARRIS,BRISK,2,113,18,12.73260700,0.48657700,10,0.08937700
HARRIS,BRISK,3,121,21,12.57541500,0.51648100,14,0.09427300
HARRIS,BRISK,4,160,26,15.54507200,0.59362500,15,0.30044100
HARRIS,BRISK,5,383,43,31.07260500,0.77696400,16,0.12671200
HARRIS,BRISK,6,85,18,12.66316700,0.52195500,16,0.21735000
HARRIS,BRISK,7,210,31,15.27504400,0.63453100,15,0.09678000
HARRIS,BRISK,8,171,26,13.81497300,0.58456200,23,0.11899700
HARRIS,BRISK,9,281,34,18.72037000,0.66556900,21,0.11284100

HARRIS,BRIEF,0,115,17,12.84381700,0.32274400,0,0.00000000
HARRIS,BRIEF,1,98,14,12.12853200,0.32255300,14,0.08570800
HARRIS,BRIEF,2,113,18,12.73599400,0.31072500,11,0.07936600
HARRIS,BRIEF,3,121,21,12.99236800,0.30626900,15,0.26718300
HARRIS,BRIEF,4,160,26,13.58122800,0.35253700,20,0.10189200
HARRIS,BRIEF,5,383,43,27.64813200,0.45703100,24,0.11698300
HARRIS,BRIEF,6,85,18,12.21594500,0.28869300,26,0.10970100
HARRIS,BRIEF,7,210,31,14.83519000,0.34873800,16,0.09319400
HARRIS,BRIEF,8,171,26,13.80018700,0.39902600,24,0.11240100
HARRIS,BRIEF,9,281,34,18.43492500,0.54004200,23,0.10707400

HARRIS,ORB,0,115,17,12.61026700,0.82775700,0,0.00000000
HARRIS,ORB,1,98,14,11.71927400,0.79511200,12,0.08158500
HARRIS,ORB,2,113,18,12.87241200,0.81412700,12,0.08298800
HARRIS,ORB,3,121,21,12.78572000,0.85625500,15,0.09842300
HARRIS,ORB,4,160,26,13.39509600,0.84337100,18,0.10004500
HARRIS,ORB,5,383,43,27.55817900,0.89463100,24,0.11722800
HARRIS,ORB,6,85,18,12.35119600,0.80066100,20,0.11681000
HARRIS,ORB,7,210,31,14.72291800,0.85460800,15,0.10012000
HARRIS,ORB,8,171,26,13.65476700,0.85101900,24,0.11393700
HARRIS,ORB,9,281,34,18.47641600,1.29007800,22,0.10347100

HARRIS,FREAK,0,115,17,12.64000600,45.88164500,0,0.00000000
HARRIS,FREAK,1,98,14,12.59391400,46.01811300,13,0.12151300
HARRIS,FREAK,2,113,18,12.84483300,50.34954200,13,0.08094800
HARRIS,FREAK,3,121,21,12.87938300,46.01537600,15,0.09387100
HARRIS,FREAK,4,160,26,17.75658200,45.78112600,15,0.09079700
HARRIS,FREAK,5,383,43,32.05534600,46.49964900,17,0.12510600
HARRIS,FREAK,6,85,18,14.41873300,45.54398600,20,0.32618500
HARRIS,FREAK,7,210,31,14.87287600,46.47631600,12,0.09150700
HARRIS,FREAK,8,171,26,13.63761400,46.62903600,21,0.22389400
HARRIS,FREAK,9,281,34,18.70916200,47.13597600,18,0.31569000

HARRIS,AKAZE,0,0,0,0.00000000,0.00000000,0,0.00000000
HARRIS,AKAZE,1,0,0,0.00000000,0.00000000,0,0.00000000
HARRIS,AKAZE,2,0,0,0.00000000,0.00000000,0,0.00000000
HARRIS,AKAZE,3,0,0,0.00000000,0.00000000,0,0.00000000
HARRIS,AKAZE,4,0,0,0.00000000,0.00000000,0,0.00000000
HARRIS,AKAZE,5,0,0,0.00000000,0.00000000,0,0.00000000
HARRIS,AKAZE,6,0,0,0.00000000,0.00000000,0,0.00000000
HARRIS,AKAZE,7,0,0,0.00000000,0.00000000,0,0.00000000
HARRIS,AKAZE,8,0,0,0.00000000,0.00000000,0,0.00000000
HARRIS,AKAZE,9,0,0,0.00000000,0.00000000,0,0.00000000

HARRIS,SIFT,0,115,17,12.88226400,15.06060300,0,0.00000000
HARRIS,SIFT,1,98,14,11.78085000,14.44209800,14,0.06220900
HARRIS,SIFT,2,113,18,19.18999500,14.39420900,11,0.06260000
HARRIS,SIFT,3,121,21,12.87596000,14.62503500,16,0.07543800
HARRIS,SIFT,4,160,26,13.88263600,15.56750000,19,0.09540100
HARRIS,SIFT,5,383,43,28.40351000,15.00436100,22,0.12381100
HARRIS,SIFT,6,85,18,12.30345400,13.79254400,22,0.12010800
HARRIS,SIFT,7,210,31,15.49250500,15.63764600,13,0.08823200
HARRIS,SIFT,8,171,26,20.08606900,14.79896500,24,0.11896500
HARRIS,SIFT,9,281,34,19.00413000,16.55248000,22,0.12279500

FAST,BRISK,0,1824,149,0.91234700,1.81914000,0,0.00000000
FAST,BRISK,1,1832,152,0.91749400,1.85730700,97,0.68361700
FAST,BRISK,2,1810,150,0.90990300,1.87994400,104,0.62091700
FAST,BRISK,3,1817,155,0.94514700,1.90388500,101,0.64290000
FAST,BRISK,4,1793,149,0.94242100,1.91353500,98,0.65055100
FAST,BRISK,5,1796,149,0.88098800,1.85598900,85,0.62404900
FAST,BRISK,6,1788,156,0.93223000,1.94368300,107,0.67614400
FAST,BRISK,7,1695,150,0.89260700,2.00942800,107,0.63252900
FAST,BRISK,8,1749,138,0.96794900,1.73137200,100,0.61768700
FAST,BRISK,9,1770,143,1.16533200,1.78436900,100,0.62364700

FAST,BRIEF,0,1824,149,1.27934200,1.09329800,0,0.00000000
FAST,BRIEF,1,1832,152,0.87271200,1.26692700,119,0.56708800
FAST,BRIEF,2,1810,150,0.89850800,0.80247700,130,0.59459800
FAST,BRIEF,3,1817,155,0.88899400,0.83142500,118,0.60547800
FAST,BRIEF,4,1793,149,0.93403600,0.85825100,126,0.59220700
FAST,BRIEF,5,1796,149,0.87470700,0.81800500,108,0.60883900
FAST,BRIEF,6,1788,156,0.87675800,0.83335700,123,0.58936700
FAST,BRIEF,7,1695,150,0.94758200,0.77773900,131,0.58735600
FAST,BRIEF,8,1749,138,0.90684700,0.79649600,125,0.54545600
FAST,BRIEF,9,1770,143,0.92104500,0.82424600,119,0.58041600

FAST,ORB,0,1824,149,0.88098200,1.14843900,0,0.00000000
FAST,ORB,1,1832,152,0.93648400,1.03505800,118,0.66555800
FAST,ORB,2,1810,150,1.06061400,1.04802400,123,0.62317500
FAST,ORB,3,1817,155,0.93033000,1.04497100,112,0.62768600
FAST,ORB,4,1793,149,0.89742500,1.06030300,126,0.63751200
FAST,ORB,5,1796,149,0.89797600,1.40898400,106,0.64702200
FAST,ORB,6,1788,156,1.06944000,1.07619400,122,0.62662500
FAST,ORB,7,1695,150,0.87038300,1.02700600,122,0.63104700
FAST,ORB,8,1749,138,0.93551300,1.02878600,123,0.58980800
FAST,ORB,9,1770,143,0.91160200,1.05683500,119,0.54875400

FAST,FREAK,0,1824,149,0.90876300,49.15998800,0,0.00000000
FAST,FREAK,1,1832,152,1.01526100,47.99358000,98,0.94724800
FAST,FREAK,2,1810,150,0.88941200,50.34672000,99,0.63411900
FAST,FREAK,3,1817,155,0.93871900,47.58968000,91,0.69422400
FAST,FREAK,4,1793,149,0.91582000,47.30201600,98,0.72379200
FAST,FREAK,5,1796,149,0.88699400,52.22468300,85,0.67375100
FAST,FREAK,6,1788,156,0.86583900,51.69539100,99,0.69879200
FAST,FREAK,7,1695,150,0.87995700,47.04604400,102,0.66928000
FAST,FREAK,8,1749,138,0.90267500,47.36715000,101,0.61011900
FAST,FREAK,9,1770,143,0.84321400,47.78560600,105,0.63130500

FAST,AKAZE,0,0,0,0.00000000,0.00000000,0,0.00000000
FAST,AKAZE,1,0,0,0.00000000,0.00000000,0,0.00000000
FAST,AKAZE,2,0,0,0.00000000,0.00000000,0,0.00000000
FAST,AKAZE,3,0,0,0.00000000,0.00000000,0,0.00000000
FAST,AKAZE,4,0,0,0.00000000,0.00000000,0,0.00000000
FAST,AKAZE,5,0,0,0.00000000,0.00000000,0,0.00000000
FAST,AKAZE,6,0,0,0.00000000,0.00000000,0,0.00000000
FAST,AKAZE,7,0,0,0.00000000,0.00000000,0,0.00000000
FAST,AKAZE,8,0,0,0.00000000,0.00000000,0,0.00000000
FAST,AKAZE,9,0,0,0.00000000,0.00000000,0,0.00000000

FAST,SIFT,0,1824,149,0.88553900,25.40741100,0,0.00000000
FAST,SIFT,1,1832,152,0.85830600,24.28545300,118,0.96900900
FAST,SIFT,2,1810,150,0.89093800,24.26858600,123,1.02867900
FAST,SIFT,3,1817,155,0.85147900,24.74671900,110,0.97990000
FAST,SIFT,4,1793,149,1.25376000,25.95655300,119,0.97420300
FAST,SIFT,5,1796,149,0.77467500,24.81251900,114,0.92965300
FAST,SIFT,6,1788,156,0.91377700,25.06337300,119,0.98020000
FAST,SIFT,7,1695,150,0.87296300,25.44142600,123,0.99390100
FAST,SIFT,8,1749,138,0.85887600,25.20328600,117,0.91821500
FAST,SIFT,9,1770,143,0.87515100,24.05340200,103,0.88177400

BRISK,BRISK,0,2757,264,47.34457600,3.13604800,0,0.00000000
BRISK,BRISK,1,2777,282,43.93420600,3.32611500,171,1.81804200
BRISK,BRISK,2,2741,282,42.24476600,3.75093100,176,1.83839600
BRISK,BRISK,3,2735,277,42.59056200,3.30212000,157,1.82367200
BRISK,BRISK,4,2757,297,42.69500000,3.52740100,176,1.98035200
BRISK,BRISK,5,2695,279,43.93505600,3.28001800,174,1.92613900
BRISK,BRISK,6,2715,289,42.43620700,3.45054700,188,1.91328300
BRISK,BRISK,7,2628,272,43.40948400,3.27812400,173,1.92723300
BRISK,BRISK,8,2639,266,41.65711200,3.17260400,171,1.69434600
BRISK,BRISK,9,2672,254,43.34917000,3.85353300,184,1.75106300

BRISK,BRIEF,0,2757,264,43.95493100,1.11369600,0,0.00000000
BRISK,BRIEF,1,2777,282,44.05095900,1.22215800,178,1.68347900
BRISK,BRIEF,2,2741,282,42.84761400,1.16609100,205,1.78992700
BRISK,BRIEF,3,2735,277,45.24509400,1.22020100,185,1.75208300
BRISK,BRIEF,4,2757,297,44.10603000,1.31506500,179,1.78054000
BRISK,BRIEF,5,2695,279,42.47329600,1.15497200,183,1.80265300
BRISK,BRIEF,6,2715,289,42.48054400,1.20335900,195,1.72303700
BRISK,BRIEF,7,2628,272,42.10544700,1.11816900,207,1.69717800
BRISK,BRIEF,8,2639,266,42.48188700,1.10924500,189,1.61846200
BRISK,BRIEF,9,2672,254,44.41857900,1.12084100,183,1.48360600

BRISK,ORB,0,2757,264,43.74145200,4.87017800,0,0.00000000
BRISK,ORB,1,2777,282,44.19646600,4.85677700,162,1.63267300
BRISK,ORB,2,2741,282,42.27365600,4.78723400,175,1.74176900
BRISK,ORB,3,2735,277,42.51677200,5.08170600,158,1.70733500
BRISK,ORB,4,2757,297,43.49115700,4.98685000,167,1.82998600
BRISK,ORB,5,2695,279,43.36987000,4.89456200,160,1.77027900
BRISK,ORB,6,2715,289,43.39496600,5.38474800,182,1.75258800
BRISK,ORB,7,2628,272,42.13174900,4.77560600,167,1.68328200
BRISK,ORB,8,2639,266,42.13503400,4.81817100,171,1.60846300
BRISK,ORB,9,2672,254,41.74340100,4.74878400,172,1.54733100

BRISK,FREAK,0,2757,264,43.66997700,49.28050600,0,0.00000000
BRISK,FREAK,1,2777,282,42.84511100,48.21569000,160,1.50525700
BRISK,FREAK,2,2741,282,42.68463600,47.74191500,177,1.66551600
BRISK,FREAK,3,2735,277,41.95680800,47.84788300,155,1.69986600
BRISK,FREAK,4,2757,297,43.29607400,47.76554600,173,2.15531800
BRISK,FREAK,5,2695,279,42.52460200,47.90336600,161,1.66635600
BRISK,FREAK,6,2715,289,42.67712500,48.34262000,183,1.63430400
BRISK,FREAK,7,2628,272,41.32176400,47.67611100,169,1.61989100
BRISK,FREAK,8,2639,266,42.71847400,47.50760600,178,1.51549600
BRISK,FREAK,9,2672,254,41.70464000,47.43456200,168,1.42225900

BRISK,AKAZE,0,0,0,0.00000000,0.00000000,0,0.00000000
BRISK,AKAZE,1,0,0,0.00000000,0.00000000,0,0.00000000
BRISK,AKAZE,2,0,0,0.00000000,0.00000000,0,0.00000000
BRISK,AKAZE,3,0,0,0.00000000,0.00000000,0,0.00000000
BRISK,AKAZE,4,0,0,0.00000000,0.00000000,0,0.00000000
BRISK,AKAZE,5,0,0,0.00000000,0.00000000,0,0.00000000
BRISK,AKAZE,6,0,0,0.00000000,0.00000000,0,0.00000000
BRISK,AKAZE,7,0,0,0.00000000,0.00000000,0,0.00000000
BRISK,AKAZE,8,0,0,0.00000000,0.00000000,0,0.00000000
BRISK,AKAZE,9,0,0,0.00000000,0.00000000,0,0.00000000

BRISK,SIFT,0,2757,264,42.87703100,68.19684200,0,0.00000000
BRISK,SIFT,1,2777,282,42.74281300,58.50863400,182,2.66866900
BRISK,SIFT,2,2741,282,43.28424100,59.35584300,193,2.90406800
BRISK,SIFT,3,2735,277,42.71641400,60.29624700,169,2.81800900
BRISK,SIFT,4,2757,297,43.02885600,61.05528700,183,2.90126500
BRISK,SIFT,5,2695,279,42.47169100,57.29474100,171,2.95301700
BRISK,SIFT,6,2715,289,42.28828700,59.69822900,195,2.87203700
BRISK,SIFT,7,2628,272,41.79723200,58.56632100,194,2.90247700
BRISK,SIFT,8,2639,266,42.92555000,66.57668100,176,2.63516300
BRISK,SIFT,9,2672,254,43.60102300,56.02996900,183,2.47428900

ORB,BRISK,0,500,92,14.12607200,1.34098300,0,0.00000000
ORB,BRISK,1,500,102,7.92668800,1.38191100,73,0.29688200
ORB,BRISK,2,500,106,8.71064100,1.52427400,74,0.31749700
ORB,BRISK,3,500,113,8.11494700,1.47707500,79,0.34734800
ORB,BRISK,4,500,109,8.04140300,1.50658500,85,0.35409400
ORB,BRISK,5,500,125,7.84891900,1.64258700,79,0.42377000
ORB,BRISK,6,500,130,11.09371100,1.75479400,92,0.43861100
ORB,BRISK,7,500,129,8.11040500,1.78263600,90,0.46528500
ORB,BRISK,8,500,127,7.52278900,1.68681600,88,0.67252900
ORB,BRISK,9,500,128,8.24784200,1.68831500,91,0.49006100

ORB,BRIEF,0,500,92,7.86049600,0.55920100,0,0.00000000
ORB,BRIEF,1,500,102,7.42485200,0.56029400,49,0.28490300
ORB,BRIEF,2,500,106,8.06794200,0.59213800,43,0.52140300
ORB,BRIEF,3,500,113,7.95615300,0.60063700,45,0.33768300
ORB,BRIEF,4,500,109,7.95956300,0.61584600,59,0.35046400
ORB,BRIEF,5,500,125,8.03810400,0.69056000,53,0.38273200
ORB,BRIEF,6,500,130,7.96148100,0.67893500,78,0.44226100
ORB,BRIEF,7,500,129,8.01316900,0.66442600,68,0.46244100
ORB,BRIEF,8,500,127,8.04597500,0.63885900,84,0.44787800
ORB,BRIEF,9,500,128,8.03281700,0.64644500,66,0.43374600

ORB,ORB,0,500,92,8.07199700,4.77280100,0,0.00000000
ORB,ORB,1,500,102,7.48952800,4.80298500,67,0.34175900
ORB,ORB,2,500,106,7.95030600,4.82032600,70,0.34948900
ORB,ORB,3,500,113,7.91930500,4.88289000,72,0.40171900
ORB,ORB,4,500,109,7.95169300,4.89018400,84,0.39709300
ORB,ORB,5,500,125,7.96004400,4.81101700,91,0.43043600
ORB,ORB,6,500,130,8.14275500,4.87415300,101,0.50864900
ORB,ORB,7,500,129,8.33817700,4.77624600,92,0.51401200
ORB,ORB,8,500,127,8.21507900,4.94006800,93,0.49987500
ORB,ORB,9,500,128,8.20450300,4.93295700,93,0.50452700

ORB,FREAK,0,500,92,8.43298600,50.12782300,0,0.00000000
ORB,FREAK,1,500,102,8.39175600,46.30798900,42,0.18289000
ORB,FREAK,2,500,106,8.23461300,46.34063000,36,0.18963400
ORB,FREAK,3,500,113,8.00289400,47.46148300,44,0.20067600
ORB,FREAK,4,500,109,8.12774600,46.36582900,47,0.20889600
ORB,FREAK,5,500,125,8.37423000,50.40750900,44,0.22667600
ORB,FREAK,6,500,130,7.99332900,46.92202600,51,0.19342800
ORB,FREAK,7,500,129,8.00702700,49.87320500,52,0.23485500
ORB,FREAK,8,500,127,8.37870200,47.09908900,48,0.25634900
ORB,FREAK,9,500,128,8.08906100,46.69134700,56,0.24264100

ORB,AKAZE,0,0,0,0.00000000,0.00000000,0,0.00000000
ORB,AKAZE,1,0,0,0.00000000,0.00000000,0,0.00000000
ORB,AKAZE,2,0,0,0.00000000,0.00000000,0,0.00000000
ORB,AKAZE,3,0,0,0.00000000,0.00000000,0,0.00000000
ORB,AKAZE,4,0,0,0.00000000,0.00000000,0,0.00000000
ORB,AKAZE,5,0,0,0.00000000,0.00000000,0,0.00000000
ORB,AKAZE,6,0,0,0.00000000,0.00000000,0,0.00000000
ORB,AKAZE,7,0,0,0.00000000,0.00000000,0,0.00000000
ORB,AKAZE,8,0,0,0.00000000,0.00000000,0,0.00000000
ORB,AKAZE,9,0,0,0.00000000,0.00000000,0,0.00000000

ORB,SIFT,0,500,92,8.13108700,58.64332800,0,0.00000000
ORB,SIFT,1,500,102,8.92387800,66.83331900,67,0.47522400
ORB,SIFT,2,500,106,7.94506000,65.77644300,79,0.51689300
ORB,SIFT,3,500,113,8.37671000,70.56257300,78,0.52205700
ORB,SIFT,4,500,109,8.33167400,61.82860200,79,0.55053700
ORB,SIFT,5,500,125,8.00578900,64.99619700,82,0.62333500
ORB,SIFT,6,500,130,7.90066500,70.81960000,95,0.78447800
ORB,SIFT,7,500,129,8.21165300,74.12298600,95,0.78004200
ORB,SIFT,8,500,127,8.30153800,77.98878000,94,0.69721700
ORB,SIFT,9,500,128,8.46325100,73.23423300,94,0.69180200

AKAZE,BRISK,0,1351,166,110.82804400,2.87537800,0,0.00000000
AKAZE,BRISK,1,1327,157,107.24790500,2.82703600,137,0.73428100
AKAZE,BRISK,2,1311,161,106.36638500,2.90191000,125,0.74302700
AKAZE,BRISK,3,1351,155,104.93598400,2.80808100,129,0.71346500
AKAZE,BRISK,4,1360,163,107.54525700,1.94228100,129,0.71754200
AKAZE,BRISK,5,1347,164,107.98906300,2.00409800,131,0.77798600
AKAZE,BRISK,6,1363,173,106.69190500,2.97094900,132,0.79931200
AKAZE,BRISK,7,1331,175,109.68218900,2.99717400,142,0.84767800
AKAZE,BRISK,8,1357,177,104.93506900,3.01765200,146,0.91715200
AKAZE,BRISK,9,1331,179,106.93943500,2.20689000,144,0.84287000

AKAZE,BRIEF,0,1351,166,109.19137500,1.85063200,0,0.00000000
AKAZE,BRIEF,1,1327,157,131.12448500,1.78104900,141,0.65802000
AKAZE,BRIEF,2,1311,161,106.84659300,1.19530100,134,0.65091100
AKAZE,BRIEF,3,1351,155,107.39847200,0.82955300,131,0.72042700
AKAZE,BRIEF,4,1360,163,110.77057200,0.87525800,130,0.67345100
AKAZE,BRIEF,5,1347,164,110.84668900,0.85398500,134,1.19626700
AKAZE,BRIEF,6,1363,173,104.99389000,1.83820300,146,0.69927500
AKAZE,BRIEF,7,1331,175,105.51344000,1.93863600,150,0.75415900
AKAZE,BRIEF,8,1357,177,104.38002700,1.82639700,148,0.75623400
AKAZE,BRIEF,9,1331,179,111.91383100,1.79435900,152,0.93871800

AKAZE,ORB,0,1351,166,104.28762800,3.18655300,0,0.00000000
AKAZE,ORB,1,1327,157,102.10866000,3.67561700,131,0.70118500
AKAZE,ORB,2,1311,161,107.15638100,3.75497100,129,0.68320800
AKAZE,ORB,3,1351,155,107.41665600,3.12757600,127,0.67174300
AKAZE,ORB,4,1360,163,105.87981100,3.26942500,117,0.66835600
AKAZE,ORB,5,1347,164,108.35727600,3.40921900,130,0.72743400
AKAZE,ORB,6,1363,173,109.25542200,3.68030800,131,0.76643400
AKAZE,ORB,7,1331,175,106.00020300,3.72940600,137,0.77611700
AKAZE,ORB,8,1357,177,105.54095700,3.16647000,135,0.77880000
AKAZE,ORB,9,1331,179,104.88008600,4.02938600,145,0.78798900

AKAZE,FREAK,0,1351,166,107.27592200,52.88877100,0,0.00000000
AKAZE,FREAK,1,1327,157,103.05803300,48.03402400,126,0.73352400
AKAZE,FREAK,2,1311,161,108.09506800,52.54213500,129,0.71285700
AKAZE,FREAK,3,1351,155,100.98741400,47.88928700,127,0.67646700
AKAZE,FREAK,4,1360,163,110.10205700,53.27869000,121,1.02420600
AKAZE,FREAK,5,1347,164,101.49056200,47.49814100,122,0.72301600
AKAZE,FREAK,6,1363,173,110.89375400,47.29293000,133,0.86904900
AKAZE,FREAK,7,1331,175,105.14979700,52.73284600,144,0.86957200
AKAZE,FREAK,8,1357,177,100.17522000,52.85515600,147,0.81601300
AKAZE,FREAK,9,1331,179,100.50884600,52.20595800,138,0.88698500

AKAZE,AKAZE,0,1351,166,100.88560500,87.24381500,0,0.00000000
AKAZE,AKAZE,1,1327,157,98.87931100,87.81374300,138,0.85710800
AKAZE,AKAZE,2,1311,161,107.48273700,97.32355100,138,0.86159300
AKAZE,AKAZE,3,1351,155,105.70884800,96.56306500,133,0.81332100
AKAZE,AKAZE,4,1360,163,106.99404100,99.12698800,127,0.84378400
AKAZE,AKAZE,5,1347,164,107.61531700,90.30304600,129,0.88298500
AKAZE,AKAZE,6,1363,173,108.31135800,87.23063900,146,0.88370300
AKAZE,AKAZE,7,1331,175,98.56633700,85.17402500,147,0.93761400
AKAZE,AKAZE,8,1357,177,95.24695400,87.77713000,151,0.96439200
AKAZE,AKAZE,9,1331,179,106.12674500,99.67806200,150,1.12114700

AKAZE,SIFT,0,1351,166,105.32899400,29.57143500,0,0.00000000
AKAZE,SIFT,1,1327,157,95.10392300,29.41546800,134,1.06966800
AKAZE,SIFT,2,1311,161,95.77204400,29.30951700,134,1.07341000
AKAZE,SIFT,3,1351,155,93.33322000,29.12460900,130,1.03982800
AKAZE,SIFT,4,1360,163,106.33546500,30.87443900,136,1.05197300
AKAZE,SIFT,5,1347,164,103.54938000,30.04538300,137,1.12358400
AKAZE,SIFT,6,1363,173,97.78718600,30.74293100,147,1.15616600
AKAZE,SIFT,7,1331,175,101.94940100,31.49594400,147,1.30259300
AKAZE,SIFT,8,1357,177,97.05136800,31.62902000,154,1.22494900
AKAZE,SIFT,9,1331,179,108.92148500,41.12430300,151,1.28847700

SIFT,BRISK,0,1438,138,159.56214400,1.76240300,0,0.00000000
SIFT,BRISK,1,1371,132,157.68656700,1.62739400,64,0.60222900
SIFT,BRISK,2,1380,124,161.36826600,1.57325200,66,0.72981200
SIFT,BRISK,3,1335,137,163.21885300,1.79876000,62,0.54139900
SIFT,BRISK,4,1305,134,156.22971400,1.67727700,66,0.53109100
SIFT,BRISK,5,1370,140,156.67263100,1.80185700,59,0.58037100
SIFT,BRISK,6,1396,137,159.02849000,1.70440100,64,0.55046600
SIFT,BRISK,7,1382,148,154.08042200,1.79339900,64,0.62597700
SIFT,BRISK,8,1463,159,157.35391400,1.90661600,67,0.67054900
SIFT,BRISK,9,1422,137,161.52061100,1.78179400,80,0.62368900

SIFT,BRIEF,0,1438,138,156.32086800,0.79239000,0,0.00000000
SIFT,BRIEF,1,1371,132,157.07986600,0.73487100,86,0.49973500
SIFT,BRIEF,2,1380,124,158.36387100,0.82075100,78,0.45092400
SIFT,BRIEF,3,1335,137,158.48942400,0.79589200,76,0.45533900
SIFT,BRIEF,4,1305,134,156.91978500,0.76768900,85,0.51042100
SIFT,BRIEF,5,1370,140,158.67402200,0.80815700,69,0.49583700
SIFT,BRIEF,6,1396,137,157.67047600,0.76816800,74,0.52480400
SIFT,BRIEF,7,1382,148,157.22240800,0.82658800,76,0.52539600
SIFT,BRIEF,8,1463,159,162.67469200,0.87283700,70,0.57507700
SIFT,BRIEF,9,1422,137,157.20864100,0.78470700,88,0.55976000

SIFT,ORB,0,0,0,0.00000000,0.00000000,0,0.00000000
SIFT,ORB,1,0,0,0.00000000,0.00000000,0,0.00000000
SIFT,ORB,2,0,0,0.00000000,0.00000000,0,0.00000000
SIFT,ORB,3,0,0,0.00000000,0.00000000,0,0.00000000
SIFT,ORB,4,0,0,0.00000000,0.00000000,0,0.00000000
SIFT,ORB,5,0,0,0.00000000,0.00000000,0,0.00000000
SIFT,ORB,6,0,0,0.00000000,0.00000000,0,0.00000000
SIFT,ORB,7,0,0,0.00000000,0.00000000,0,0.00000000
SIFT,ORB,8,0,0,0.00000000,0.00000000,0,0.00000000
SIFT,ORB,9,0,0,0.00000000,0.00000000,0,0.00000000

SIFT,FREAK,0,1438,138,156.69244600,47.02678300,0,0.00000000
SIFT,FREAK,1,1371,132,155.86769200,47.01567300,65,0.54128100
SIFT,FREAK,2,1380,124,157.77840800,48.42376200,72,0.50231100
SIFT,FREAK,3,1335,137,159.61680300,47.20614100,64,0.52763200
SIFT,FREAK,4,1305,134,151.53584000,47.01109200,66,0.56187400
SIFT,FREAK,5,1370,140,156.99272800,46.95784900,59,0.51893100
SIFT,FREAK,6,1396,137,157.28128200,47.36921100,59,0.53925500
SIFT,FREAK,7,1382,148,157.39117400,47.45525100,64,0.58669800
SIFT,FREAK,8,1463,159,159.30811400,48.56177500,65,0.65794900
SIFT,FREAK,9,1422,137,156.96363200,46.68460800,79,0.61762100

SIFT,AKAZE,0,0,0,0.00000000,0.00000000,0,0.00000000
SIFT,AKAZE,1,0,0,0.00000000,0.00000000,0,0.00000000
SIFT,AKAZE,2,0,0,0.00000000,0.00000000,0,0.00000000
SIFT,AKAZE,3,0,0,0.00000000,0.00000000,0,0.00000000
SIFT,AKAZE,4,0,0,0.00000000,0.00000000,0,0.00000000
SIFT,AKAZE,5,0,0,0.00000000,0.00000000,0,0.00000000
SIFT,AKAZE,6,0,0,0.00000000,0.00000000,0,0.00000000
SIFT,AKAZE,7,0,0,0.00000000,0.00000000,0,0.00000000
SIFT,AKAZE,8,0,0,0.00000000,0.00000000,0,0.00000000
SIFT,AKAZE,9,0,0,0.00000000,0.00000000,0,0.00000000

SIFT,SIFT,0,1438,138,158.40104300,82.78186100,0,0.00000000
SIFT,SIFT,1,1371,132,115.87893100,76.68972600,82,0.81168400
SIFT,SIFT,2,1380,124,114.63175000,78.72427200,81,0.76178600
SIFT,SIFT,3,1335,137,116.21387000,75.89437700,85,0.76254100
SIFT,SIFT,4,1305,134,115.44159200,77.03882400,93,0.81187000
SIFT,SIFT,5,1370,140,113.92914900,77.35212600,90,0.81485600
SIFT,SIFT,6,1396,137,114.76945300,77.42687800,81,0.84956900
SIFT,SIFT,7,1382,148,113.26342800,76.59436000,82,0.85989700
SIFT,SIFT,8,1463,159,116.95229300,78.48956200,102,1.01275300
SIFT,SIFT,9,1422,137,171.32396100,120.67700500,104,0.98227400

